<appaction uniquename="dnlb__SendSMS!6c5e1047f0424a4f9bc4347b4d784e94!dnlb_dnlb!contact!2">
  <appmoduleid>
    <uniquename>dnlb_dnlb</uniquename>
  </appmoduleid>
  <buttonlabeltext default="Send SMS">
    <label description="Send SMS" languagecode="1033" />
  </buttonlabeltext>
  <context>1</context>
  <contextentity>
    <logicalname>contact</logicalname>
  </contextentity>
  <contextvalue>contact</contextvalue>
  <fonticon>$clientsvg:Mail</fonticon>
  <hidden>0</hidden>
  <iscustomizable>1</iscustomizable>
  <isdisabled>0</isdisabled>
  <isgrouptitlehidden>0</isgrouptitlehidden>
  <location>2</location>
  <name>SendSMS!6c5e1047f0424a4f9bc4347b4d784e94</name>
  <onclickeventjavascriptfunctionname>dnlb.command.contact.sendSMS</onclickeventjavascriptfunctionname>
  <onclickeventjavascriptparameters>[{"type":5}]</onclickeventjavascriptparameters>
  <onclickeventjavascriptwebresourceid>
    <webresourceid>7253ad27-db93-ef11-8a68-000d3a0a76fb</webresourceid>
  </onclickeventjavascriptwebresourceid>
  <onclickeventtype>2</onclickeventtype>
  <origin>0</origin>
  <sequence>100100005.5000000000</sequence>
  <statecode>0</statecode>
  <statuscode>1</statuscode>
  <type>0</type>
  <visibilityformulacomponentlibraryid>
    <name>dnlb_dnlbdefaultcommandlibrary_e3972</name>
  </visibilityformulacomponentlibraryid>
  <visibilityformulacomponentname>93547cf7f6cb464d801a29c9eac26f9e</visibilityformulacomponentname>
  <visibilityformulafunctionname>Visible</visibilityformulafunctionname>
  <visibilitytype>1</visibilitytype>
</appaction>