<ImportExportXml version="9.1.0.20460" SolutionPackageVersion="9.1" languagecode="1033" generatedBy="CrmLive" xmlns:xsi="http://www.w3.org/2001/XMLSchema-instance">
  <SolutionManifest>
    <UniqueName>dotnetlittleboyconfiguration</UniqueName>
    <LocalizedNames>
      <LocalizedName description="dotnetlittleboy.configuration" languagecode="1033" />
    </LocalizedNames>
    <Descriptions />
    <Version>1.0.0.0</Version>
    <Managed>0</Managed>
    <Publisher>
      <UniqueName>dotnetlittleboypublisher</UniqueName>
      <LocalizedNames>
        <LocalizedName description="Dot Net Little Boy Publisher" languagecode="1033" />
      </LocalizedNames>
      <Descriptions />
      <EMailAddress xsi:nil="true"></EMailAddress>
      <SupportingWebsiteUrl xsi:nil="true"></SupportingWebsiteUrl>
      <CustomizationPrefix>dnlb</CustomizationPrefix>
      <CustomizationOptionValuePrefix>99000</CustomizationOptionValuePrefix>
      <Addresses>
        <Address>
          <AddressNumber>1</AddressNumber>
          <AddressTypeCode>1</AddressTypeCode>
          <City xsi:nil="true"></City>
          <County xsi:nil="true"></County>
          <Country xsi:nil="true"></Country>
          <Fax xsi:nil="true"></Fax>
          <FreightTermsCode xsi:nil="true"></FreightTermsCode>
          <ImportSequenceNumber xsi:nil="true"></ImportSequenceNumber>
          <Latitude xsi:nil="true"></Latitude>
          <Line1 xsi:nil="true"></Line1>
          <Line2 xsi:nil="true"></Line2>
          <Line3 xsi:nil="true"></Line3>
          <Longitude xsi:nil="true"></Longitude>
          <Name xsi:nil="true"></Name>
          <PostalCode xsi:nil="true"></PostalCode>
          <PostOfficeBox xsi:nil="true"></PostOfficeBox>
          <PrimaryContactName xsi:nil="true"></PrimaryContactName>
          <ShippingMethodCode>1</ShippingMethodCode>
          <StateOrProvince xsi:nil="true"></StateOrProvince>
          <Telephone1 xsi:nil="true"></Telephone1>
          <Telephone2 xsi:nil="true"></Telephone2>
          <Telephone3 xsi:nil="true"></Telephone3>
          <TimeZoneRuleVersionNumber xsi:nil="true"></TimeZoneRuleVersionNumber>
          <UPSZone xsi:nil="true"></UPSZone>
          <UTCOffset xsi:nil="true"></UTCOffset>
          <UTCConversionTimeZoneCode xsi:nil="true"></UTCConversionTimeZoneCode>
        </Address>
        <Address>
          <AddressNumber>2</AddressNumber>
          <AddressTypeCode>1</AddressTypeCode>
          <City xsi:nil="true"></City>
          <County xsi:nil="true"></County>
          <Country xsi:nil="true"></Country>
          <Fax xsi:nil="true"></Fax>
          <FreightTermsCode xsi:nil="true"></FreightTermsCode>
          <ImportSequenceNumber xsi:nil="true"></ImportSequenceNumber>
          <Latitude xsi:nil="true"></Latitude>
          <Line1 xsi:nil="true"></Line1>
          <Line2 xsi:nil="true"></Line2>
          <Line3 xsi:nil="true"></Line3>
          <Longitude xsi:nil="true"></Longitude>
          <Name xsi:nil="true"></Name>
          <PostalCode xsi:nil="true"></PostalCode>
          <PostOfficeBox xsi:nil="true"></PostOfficeBox>
          <PrimaryContactName xsi:nil="true"></PrimaryContactName>
          <ShippingMethodCode>1</ShippingMethodCode>
          <StateOrProvince xsi:nil="true"></StateOrProvince>
          <Telephone1 xsi:nil="true"></Telephone1>
          <Telephone2 xsi:nil="true"></Telephone2>
          <Telephone3 xsi:nil="true"></Telephone3>
          <TimeZoneRuleVersionNumber xsi:nil="true"></TimeZoneRuleVersionNumber>
          <UPSZone xsi:nil="true"></UPSZone>
          <UTCOffset xsi:nil="true"></UTCOffset>
          <UTCConversionTimeZoneCode xsi:nil="true"></UTCConversionTimeZoneCode>
        </Address>
      </Addresses>
    </Publisher>
    <RootComponents>
      <RootComponent type="1" schemaName="activitypointer" behavior="0" />
      <RootComponent type="1" schemaName="dnlb_application" behavior="0" />
      <RootComponent type="1" schemaName="dnlb_autonumberconfiguration" behavior="0" />
      <RootComponent type="1" schemaName="dnlb_branch" behavior="0" />
      <RootComponent type="1" schemaName="dnlb_city" behavior="0" />
      <RootComponent type="1" schemaName="dnlb_country" behavior="0" />
      <RootComponent type="1" schemaName="dnlb_course" behavior="0" />
      <RootComponent type="1" schemaName="dnlb_payment" behavior="0" />
      <RootComponent type="1" schemaName="dnlb_postalcode" behavior="0" />
      <RootComponent type="1" schemaName="dnlb_state" behavior="0" />
      <RootComponent type="1" schemaName="dnlb_student" behavior="0" />
      <RootComponent type="1" schemaName="dnlb_studentcourse" behavior="0" />
      <RootComponent type="1" schemaName="dnlb_subject" behavior="0" />
      <RootComponent type="1" schemaName="email" behavior="1" />
      <RootComponent type="1" schemaName="template" behavior="1" />
      <RootComponent type="9" schemaName="dnlb_applicationstatus" behavior="0" />
      <RootComponent type="9" schemaName="dnlb_cycle" behavior="0" />
      <RootComponent type="9" schemaName="dnlb_gender" behavior="0" />
      <RootComponent type="9" schemaName="dnlb_levelofcourse" behavior="0" />
      <RootComponent type="9" schemaName="dnlb_semester" behavior="0" />
      <RootComponent type="9" schemaName="dnlb_streams" behavior="0" />
      <RootComponent type="29" id="{3ea6001a-c9ac-ea11-a812-000d3a569338}" behavior="0" />
      <RootComponent type="29" id="{41be7390-28c1-ea11-a812-000d3a33f94a}" behavior="0" />
      <RootComponent type="29" id="{5139c509-8100-48f8-8932-22e3330992c9}" behavior="0" />
      <RootComponent type="29" id="{9ea4619e-d618-47ef-a7ae-8b12d82bbd21}" behavior="0" />
      <RootComponent type="29" id="{cbac5319-155e-4ed5-9f05-c82df09007c7}" behavior="0" />
      <RootComponent type="29" id="{e53d7001-3948-4cdb-b1a8-7ee0f1eedd08}" behavior="0" />
      <RootComponent type="60" id="{03b550a7-7cdf-450a-8f2f-d30e405f7872}" behavior="0" />
      <RootComponent type="60" id="{0d1e47ff-12b2-4f53-9090-bee951b98cb4}" behavior="0" />
      <RootComponent type="60" id="{20066ddd-d88b-ea11-a811-000d3af26e41}" behavior="0" />
      <RootComponent type="60" id="{308c304f-e6b8-48cf-a6c5-44bcd808eb2f}" behavior="0" />
      <RootComponent type="60" id="{31a96991-bdd6-4d9a-8aab-c40f463ed157}" behavior="0" />
      <RootComponent type="60" id="{5366ad4c-7fe6-4ec6-9e68-9eeddf87d15f}" behavior="0" />
      <RootComponent type="60" id="{616f4cc1-099d-427d-bb9f-0de612545b72}" behavior="0" />
      <RootComponent type="60" id="{7258b955-1540-4560-a099-ae0fa23858a4}" behavior="0" />
      <RootComponent type="60" id="{7d743e1a-f2a9-404a-a7e9-6892ac3b651a}" behavior="0" />
      <RootComponent type="60" id="{7d8f6b77-89f1-424d-9a6d-24e1fc7ac262}" behavior="0" />
      <RootComponent type="60" id="{86bd6498-f891-43f2-9bdc-b0fdbeb367e0}" behavior="0" />
      <RootComponent type="60" id="{9bc58969-9303-4a05-b95b-d2318cf37e32}" behavior="0" />
      <RootComponent type="60" id="{a1a5982f-103e-4113-bdd3-183321949b0a}" behavior="0" />
      <RootComponent type="60" id="{a4640db1-4962-4e79-92c6-690e627924d7}" behavior="0" />
      <RootComponent type="60" id="{ba03965c-1641-40ca-97f8-c9fba937ae24}" behavior="0" />
      <RootComponent type="60" id="{d11ef370-354e-4bf5-a190-aaf995f601e3}" behavior="0" />
      <RootComponent type="60" id="{dbeb2693-2d4c-4b56-af5c-8358c0629a90}" behavior="0" />
      <RootComponent type="60" id="{f5ece4b0-d68b-ea11-a811-000d3af26e41}" behavior="0" />
      <RootComponent type="61" schemaName="dnlb_script/dotnetlittleboy_utility.js" behavior="0" />
      <RootComponent type="61" schemaName="dnlb_script/student_form.js" behavior="0" />
      <RootComponent type="62" schemaName="dnlb_dotNetLittleBoy" behavior="0" />
      <RootComponent type="80" schemaName="dnlb_dotNetLittleBoy" behavior="0" />
      <RootComponent type="91" id="{bf4a1d2e-92f8-46a9-a25a-a9e27fbb448a}" schemaName="dotnetlittleboy.cusotmization, Version=1.0.0.0, Culture=neutral, PublicKeyToken=3bad75b8f38ca8be" behavior="0" />
      <RootComponent type="92" id="{11af65a3-f9ac-ea11-a812-000d3a569338}" behavior="0" />
      <RootComponent type="92" id="{27590d78-d4dc-ea11-a816-000d3a579806}" behavior="0" />
      <RootComponent type="92" id="{5006bd2e-73aa-ea11-a812-000d3a569338}" behavior="0" />
      <RootComponent type="92" id="{5b1ed469-33b7-ea11-a812-000d3a33f94a}" behavior="0" />
      <RootComponent type="92" id="{a12f62af-55af-ea11-a812-000d3a569338}" behavior="0" />
      <RootComponent type="92" id="{b056b50b-6bab-ea11-a812-000d3a569338}" behavior="0" />
      <RootComponent type="92" id="{bdf06235-55a8-ea11-a812-000d3a569338}" behavior="0" />
      <RootComponent type="92" id="{df055837-7bc0-ea11-a812-000d3a33f94a}" behavior="0" />
      <RootComponent type="92" id="{f9ceab59-01ad-ea11-a812-000d3a569338}" behavior="0" />
    </RootComponents>
    <MissingDependencies>
      <MissingDependency>
        <Required key="0" type="1" schemaName="msdyn_postalcode" displayName="Postal Code" solution="FieldService (8.8.0.88)" />
        <Dependent key="1" type="80" schemaName="dnlb_dotNetLittleBoy" displayName="dotNetLittleBoy" />
      </MissingDependency>
      <MissingDependency>
        <Required key="2" type="61" schemaName="msdyn_/Images/AppModule_Default_Icon.png" displayName="msdyn_/Images/AppModule_Default_Icon.png" solution="AppModuleWebResources (2.5)" />
        <Dependent key="1" type="80" schemaName="dnlb_dotNetLittleBoy" displayName="dotNetLittleBoy" />
      </MissingDependency>
      <MissingDependency>
        <Required key="0" type="1" schemaName="msdyn_postalcode" displayName="Postal Code" solution="FieldService (8.8.0.88)" />
        <Dependent key="3" type="62" schemaName="dnlb_dotNetLittleBoy" />
      </MissingDependency>
      <MissingDependency>
        <Required key="4" type="60" displayName="Activities Dashboard" parentDisplayName="Activity" solution="msdynce_Service (9.0.5.56)" id="{a4640db1-4962-4e79-92c6-690e627924d7}" />
        <Dependent key="4" type="60" displayName="Activities Dashboard" parentDisplayName="Activity" id="{a4640db1-4962-4e79-92c6-690e627924d7}" />
      </MissingDependency>
      <MissingDependency>
        <Required key="5" type="60" displayName="Email" parentDisplayName="Email" solution="msdynce_Activities (9.0.1.2033)" id="{0d1e47ff-12b2-4f53-9090-bee951b98cb4}" />
        <Dependent key="5" type="60" displayName="Email" parentDisplayName="Email" id="{0d1e47ff-12b2-4f53-9090-bee951b98cb4}" />
      </MissingDependency>
      <MissingDependency>
        <Required key="6" type="66" schemaName="MscrmControls.Grid.GridControl" displayName="MscrmControls.Grid.GridControl" solution="BaseCustomControlsCore (9.0.2007.1010)" />
        <Dependent key="7" type="60" displayName="Information" parentDisplayName="Student" id="{7258b955-1540-4560-a099-ae0fa23858a4}" />
      </MissingDependency>
    </MissingDependencies>
  </SolutionManifest>
</ImportExportXml>