{"name":"a35428ab-ff42-46b1-9bfd-ee77e24b7e6d","id":"/providers/Microsoft.Flow/flows/a35428ab-ff42-46b1-9bfd-ee77e24b7e6d","type":"Microsoft.Flow/flows","properties":{"apiId":"/providers/Microsoft.PowerApps/apis/shared_logicflows","displayName":"Sandy","definition":{"metadata":{"workflowEntityId":null,"flowclientsuspensionreason":"None","flowclientsuspensiontime":null,"creator":{"id":"f4a9fa52-6363-48b3-8617-fed2d4903b84","type":"User","tenantId":"e9611de5-fbbb-4288-b9d3-b4b4d436a77d"},"provisioningMethod":"FromDefinition","failureAlertSubscription":true,"clientLastModifiedTime":"2020-12-23T20:29:58.1746823Z"},"$schema":"https://schema.management.azure.com/providers/Microsoft.Logic/schemas/2016-06-01/workflowdefinition.json#","contentVersion":"1.0.0.0","parameters":{"$connections":{"defaultValue":{},"type":"Object"},"$authentication":{"defaultValue":{},"type":"SecureObject"},"cdsruntimecertificate":{"type":"String"},"cdsruntimecertificatepassword":{"type":"SecureString"}},"triggers":{"When_a_record_is_created,_updated_or_deleted":{"type":"OpenApiConnectionWebhook","inputs":{"host":{"apiId":"/providers/Microsoft.PowerApps/apis/shared_commondataserviceforapps","connectionName":"shared_commondataserviceforapps","operationId":"SubscribeWebhookTrigger"},"parameters":{"subscriptionRequest/message":3,"subscriptionRequest/entityname":"opportunity","subscriptionRequest/scope":4,"subscriptionRequest/filteringattributes":"salesstage"},"authentication":"@parameters('$authentication')"}}},"actions":{"List_records":{"runAfter":{"Close":["Succeeded"]},"type":"OpenApiConnection","inputs":{"host":{"apiId":"/providers/Microsoft.PowerApps/apis/shared_commondataserviceforapps","connectionName":"shared_commondataserviceforapps","operationId":"ListRecords"},"parameters":{"entityName":"opportunitysalesprocesses","$filter":"_opportunityid_value eq '@{triggerOutputs()?['body/opportunityid']}'"},"authentication":"@parameters('$authentication')"}},"Apply_to_each":{"foreach":"@outputs('List_records')?['body/value']","actions":{"List_records_2":{"runAfter":{},"type":"OpenApiConnection","inputs":{"host":{"apiId":"/providers/Microsoft.PowerApps/apis/shared_commondataserviceforapps","connectionName":"shared_commondataserviceforapps","operationId":"ListRecords"},"parameters":{"entityName":"processstages","$filter":"_processid_value eq '@{items('Apply_to_each')?['_processid_value']}'"},"authentication":"@parameters('$authentication')"}},"Apply_to_each_2":{"foreach":"@outputs('List_records_2')?['body/value']","actions":{"Switch":{"runAfter":{},"cases":{"Case":{"case":"qualify","actions":{"Set_variable":{"runAfter":{},"type":"SetVariable","inputs":{"name":"QualifyVariable","value":"@items('Apply_to_each_2')?['processstageid']"}}}},"Case_2":{"case":"develop","actions":{"Set_variable_2":{"runAfter":{},"type":"SetVariable","inputs":{"name":"DevelopVariable","value":"@items('Apply_to_each_2')?['processstageid']"}}}},"Case_3":{"case":"propose","actions":{"Set_variable_3":{"runAfter":{},"type":"SetVariable","inputs":{"name":"ProposeVariable","value":"@items('Apply_to_each_2')?['processstageid']"}}}},"Case_4":{"case":"close","actions":{"Set_variable_4":{"runAfter":{},"type":"SetVariable","inputs":{"name":"CloseVariable","value":"@items('Apply_to_each_2')?['processstageid']"}}}}},"default":{"actions":{}},"expression":"@items('Apply_to_each_2')?['stagename']","type":"Switch"}},"runAfter":{"List_records_2":["Succeeded"]},"type":"Foreach"}},"runAfter":{"List_records":["Succeeded"]},"type":"Foreach"},"Qualify":{"runAfter":{},"type":"InitializeVariable","inputs":{"variables":[{"name":"QualifyVariable","type":"string"}]}},"Develop":{"runAfter":{"Qualify":["Succeeded"]},"type":"InitializeVariable","inputs":{"variables":[{"name":"DevelopVariable","type":"string"}]}},"Propose":{"runAfter":{"Develop":["Succeeded"]},"type":"InitializeVariable","inputs":{"variables":[{"name":"ProposeVariable","type":"string"}]}},"Close":{"runAfter":{"Propose":["Succeeded"]},"type":"InitializeVariable","inputs":{"variables":[{"name":"CloseVariable","type":"string"}]}},"Switch_2":{"runAfter":{"Apply_to_each":["Succeeded"]},"cases":{"Case":{"case":0,"actions":{"Apply_to_each_3":{"foreach":"@outputs('List_records')?['body/value']","actions":{"Update_a_record":{"runAfter":{},"type":"OpenApiConnection","inputs":{"host":{"apiId":"/providers/Microsoft.PowerApps/apis/shared_commondataserviceforapps","connectionName":"shared_commondataserviceforapps","operationId":"UpdateRecord"},"parameters":{"entityName":"opportunitysalesprocesses","recordId":"@items('Apply_to_each_3')?['businessprocessflowinstanceid']","item/traversedpath":"@variables('QualifyVariable')"},"authentication":"@parameters('$authentication')"}}},"runAfter":{},"type":"Foreach"}}},"Case_2":{"case":1,"actions":{"Apply_to_each_4":{"foreach":"@outputs('List_records')?['body/value']","actions":{"Update_a_record_2":{"runAfter":{},"type":"OpenApiConnection","inputs":{"host":{"apiId":"/providers/Microsoft.PowerApps/apis/shared_commondataserviceforapps","connectionName":"shared_commondataserviceforapps","operationId":"UpdateRecord"},"parameters":{"entityName":"opportunitysalesprocesses","recordId":"@items('Apply_to_each_4')?['businessprocessflowinstanceid']","item/traversedpath":"@{variables('QualifyVariable')},@{variables('DevelopVariable')}"},"authentication":"@parameters('$authentication')"}}},"runAfter":{},"type":"Foreach"}}},"Case_3":{"case":2,"actions":{"Apply_to_each_5":{"foreach":"@outputs('List_records')?['body/value']","actions":{"Update_a_record_3":{"runAfter":{},"type":"OpenApiConnection","inputs":{"host":{"apiId":"/providers/Microsoft.PowerApps/apis/shared_commondataserviceforapps","connectionName":"shared_commondataserviceforapps","operationId":"UpdateRecord"},"parameters":{"entityName":"opportunitysalesprocesses","recordId":"@items('Apply_to_each_5')?['businessprocessflowinstanceid']","item/traversedpath":"@{variables('QualifyVariable')},@{variables('DevelopVariable')},@{variables('ProposeVariable')}"},"authentication":"@parameters('$authentication')"}}},"runAfter":{},"type":"Foreach"}}},"Case_4":{"case":3,"actions":{"Apply_to_each_6":{"foreach":"@outputs('List_records')?['body/value']","actions":{"Update_a_record_4":{"runAfter":{},"type":"OpenApiConnection","inputs":{"host":{"apiId":"/providers/Microsoft.PowerApps/apis/shared_commondataserviceforapps","connectionName":"shared_commondataserviceforapps","operationId":"UpdateRecord"},"parameters":{"entityName":"opportunitysalesprocesses","recordId":"@items('Apply_to_each_6')?['businessprocessflowinstanceid']","item/traversedpath":"@{variables('QualifyVariable')},@{variables('DevelopVariable')},@{variables('ProposeVariable')},@{variables('CloseVariable')}"},"authentication":"@parameters('$authentication')"}}},"runAfter":{},"type":"Foreach"}}}},"default":{"actions":{}},"expression":"@triggerOutputs()?['body/salesstage']","type":"Switch"}}},"connectionReferences":{"shared_commondataserviceforapps":{"connectionName":"shared-commondataser-0ef00b91-792b-495f-b41f-3574-b2357ef2","source":"Embedded","id":"/providers/Microsoft.PowerApps/apis/shared_commondataserviceforapps","tier":"NotSpecified"}},"flowFailureAlertSubscribed":false}}